{"cameraMode":{"drawMode":0,"name":"Shaded","section":"Shading Mode"},"sceneLighting":true,"audioPlay":false,"sceneViewState":{"m_AlwaysRefresh":false,"showFog":true,"showSkybox":true,"showFlares":true,"showImageEffects":true,"showParticleSystems":true,"showVisualEffectGraphs":true,"m_FxEnabled":true},"in2DMode":false,"pivot":{"x":-24.65250015258789,"y":1.4000000953674317,"z":-1.9371509552001954e-7},"rotation":{"x":0.2585928440093994,"y":-0.01564619317650795,"z":0.004189180675894022,"w":0.9658517837524414},"size":1.1037708520889283,"orthographic":true}