{"cameraMode":{"drawMode":0,"name":"Shaded","section":"Shading Mode"},"sceneLighting":true,"audioPlay":false,"sceneViewState":{"m_AlwaysRefresh":false,"showFog":true,"showSkybox":true,"showFlares":true,"showImageEffects":true,"showParticleSystems":true,"showVisualEffectGraphs":true,"m_FxEnabled":true},"in2DMode":false,"pivot":{"x":1.8686575889587403,"y":22.859785079956056,"z":-14.602645874023438},"rotation":{"x":-0.12976804375648499,"y":-0.8701896667480469,"z":0.33142057061195376,"w":-0.3407266438007355},"size":31.99384117126465,"orthographic":true}