{"cameraMode":{"drawMode":0,"name":"Shaded","section":"Shading Mode"},"sceneLighting":true,"audioPlay":false,"sceneViewState":{"m_AlwaysRefresh":false,"showFog":true,"showSkybox":true,"showFlares":true,"showImageEffects":true,"showParticleSystems":true,"showVisualEffectGraphs":true,"m_FxEnabled":true},"in2DMode":false,"pivot":{"x":1.1632153987884522,"y":4.271611213684082,"z":12.485251426696778},"rotation":{"x":0.15833288431167603,"y":0.7930291295051575,"z":-0.2323392629623413,"w":0.5404418110847473},"size":16.636987686157228,"orthographic":true}