{"cameraMode":{"drawMode":0,"name":"Shaded","section":"Shading Mode"},"sceneLighting":true,"audioPlay":false,"sceneViewState":{"m_AlwaysRefresh":false,"showFog":true,"showSkybox":true,"showFlares":true,"showImageEffects":true,"showParticleSystems":true,"showVisualEffectGraphs":true,"m_FxEnabled":true},"in2DMode":false,"pivot":{"x":0.5416699051856995,"y":1.0799999237060547,"z":-0.8767732381820679},"rotation":{"x":0.008627807721495629,"y":-0.7690762281417847,"z":0.010382628999650479,"w":0.6390193700790405},"size":2.7321228981018068,"orthographic":true}