{"cameraMode":{"drawMode":0,"name":"Shaded","section":"Shading Mode"},"sceneLighting":true,"audioPlay":false,"sceneViewState":{"m_AlwaysRefresh":false,"showFog":true,"showSkybox":true,"showFlares":true,"showImageEffects":true,"showParticleSystems":true,"showVisualEffectGraphs":true,"m_FxEnabled":true},"in2DMode":false,"pivot":{"x":0.11903468519449234,"y":1.54591703414917,"z":4.120748996734619},"rotation":{"x":0.11911311000585556,"y":0.005957254208624363,"z":-0.0007148021250031889,"w":0.9928639531135559},"size":0.5335341095924377,"orthographic":false}