{"cameraMode":{"drawMode":0,"name":"Shaded","section":"Shading Mode"},"sceneLighting":true,"audioPlay":false,"sceneViewState":{"m_AlwaysRefresh":false,"showFog":true,"showSkybox":true,"showFlares":true,"showImageEffects":true,"showParticleSystems":true,"showVisualEffectGraphs":true,"m_FxEnabled":true},"in2DMode":false,"pivot":{"x":-24.899999618530275,"y":1.7235158681869507,"z":-0.3242237865924835},"rotation":{"x":0.10055287927389145,"y":-0.4812942445278168,"z":0.055691737681627277,"w":0.8689903616905212},"size":0.549412190914154,"orthographic":true}